{
  "parameters": {
    "variance_threshold": 1e-06,
    "null_threshold": 0.5,
    "correlation_threshold": 0.98
  },
  "removed_features": {
    "static_features": [
      "P201",
      "P202",
      "P204",
      "P401",
      "P404",
      "P502",
      "P601",
      "P603",
      " P202"
    ],
    "high_null_features": [
      " MV101",
      " AIT201",
      " MV201",
      " P201",
      " P204",
      " MV303"
    ],
    "correlated_features": [
      "FIT201",
      "MV201",
      "P203",
      "P402",
      "UV401",
      "FIT501",
      "FIT502",
      "FIT503",
      "FIT504",
      "P501",
      "PIT501",
      "PIT503"
    ]
  },
  "selected_features": [
    "FIT101",
    "LIT101",
    "MV101",
    "P101",
    "P102",
    "AIT201",
    "AIT202",
    "AIT203",
    "P205",
    "P206",
    "DPIT301",
    "FIT301",
    "LIT301",
    "MV301",
    "MV302",
    "MV303",
    "MV304",
    "P301",
    "P302",
    "AIT401",
    "AIT402",
    "FIT401",
    "LIT401",
    "P403",
    "AIT501",
    "AIT502",
    "AIT503",
    "AIT504",
    "PIT502",
    "FIT601",
    "P602"
  ],
  "feature_importance": {
    "AIT402": 0.1053124277994254,
    "LIT301": 0.09622501741128753,
    "LIT401": 0.09396098982247802,
    "PIT502": 0.09357364076399843,
    "AIT501": 0.09247912880324471,
    "FIT401": 0.0890917317457407,
    "AIT502": 0.08812635646816758,
    "DPIT301": 0.07984731721149618,
    "AIT504": 0.06409393396452279,
    "AIT202": 0.06324666336231344,
    "AIT203": 0.06056012377312636,
    "LIT101": 0.06047403328302092,
    "MV304": 0.05857895501471755,
    "MV303": 0.05355649407704255,
    "MV101": 0.051738072561963167,
    "AIT201": 0.05088516879897442,
    "FIT301": 0.03858377473669439,
    "P302": 0.03144577664521919,
    "MV302": 0.02658878352111893,
    "AIT503": 0.0248420671285845,
    "P101": 0.022115584164568602,
    "P205": 0.01700424984715987,
    "FIT101": 0.01691499148216269,
    "FIT601": 0.015185136952567513,
    "AIT401": 0.013447858045566141,
    "P102": 0.010013366310045013,
    "MV301": 0.007035728030740929,
    "P602": 0.006930805969734388,
    "P206": 0.002803993192064036,
    "P301": 0.0023749386148479434,
    "P403": 0.00197337614537485
  },
  "summary": {
    "total_static_removed": 9,
    "total_high_null_removed": 6,
    "total_correlated_removed": 12,
    "final_feature_count": 31
  }
}